# ID	Amino_acids	Codons
NC_000005.10:g.43702652T>G	N/K	aaT/aaG
NC_000008.11:g.24394146T>C	M/T	aTg/aCg
NC_000014.9:g.35007370A>G	T/A	Aca/Gca
NC_000023.11:g.48523912G>T	W/C	tgG/tgT
NC_000007.14:g.92086295A>G	Q/R	cAa/cGa
NC_000005.10:g.131159578A>G	C/R	Tgt/Cgt
NC_000017.11:g.38335201G>A	H/Y	Cac/Tac
NC_000010.11:g.97601884C>A	A/D	gCc/gAc
NC_000002.12:g.176119206T>C	L/P	cTg/cCg
NC_000023.11:g.106037037C>A	V/F	Gtt/Ttt
NC_000002.12:g.31529385G>T	A/D	gCc/gAc
NC_000009.12:g.135778780T>G	M/R	aTg/aGg
NC_000002.12:g.55683831C>T	R/H	cGt/cAt
NC_000023.11:g.150598600G>A	V/I	Gtt/Att
NC_000015.10:g.40611486A>G	T/A	Aca/Gca
NC_000002.12:g.99361611A>T	E/V	gAg/gTg
NC_000021.9:g.46353263C>T	T/I	aCc/aTc
NC_000023.11:g.139561992C>A	A/E	gCa/gAa
NC_000002.12:g.20003167A>T	C/S	Tgt/Agt
NC_000003.12:g.181712650T>C	L/P	cTg/cCg
NC_000019.10:g.7120739C>T	M/I	atG/atA
NC_000011.10:g.36574635C>T	A/V	gCg/gTg
NC_000001.11:g.167127158C>T	T/M	aCg/aTg
NC_000002.12:g.165991510A>C	I/S	aTt/aGt
NC_000009.12:g.119167448G>A	S/L	tCg/tTg
NC_000016.10:g.75530369G>A	R/W	Cgg/Tgg
NC_000003.12:g.31533134G>A	G/S	Ggc/Agc
NC_000023.11:g.139537369T>G	F/C	tTt/tGt
NC_000016.10:g.177340C>T	P/S	Cct/Tct
NC_000016.10:g.10180176G>C	P/R	cCc/cGc
NC_000005.10:g.137628408C>T	A/T	Gcc/Acc
NC_000018.10:g.31154802A>G	I/T	aTt/aCt
NC_000007.14:g.76434087C>G	R/G	Cga/Gga
NC_000003.12:g.126105876C>A	A/S	Gct/Tct
NC_000012.12:g.10435931C>G	R/P	cGg/cCg
NC_000018.10:g.47156193A>G	L/P	cTt/cCt
NC_000009.12:g.127673212G>A	C/Y	tGt/tAt
NC_000012.12:g.80356879G>A	R/Q	cGa/cAa
NC_000013.11:g.32362596A>T	I/F	Atc/Ttc
NC_000017.11:g.8003108T>C	W/R	Tgg/Cgg
NC_000017.11:g.41728295A>G	V/A	gTg/gCg
NC_000002.12:g.86028667T>C	I/M	atA/atG
NC_000006.12:g.150389354G>A	A/T	Gct/Act
NC_000009.12:g.128584312C>T	R/C	Cgc/Tgc
NC_000008.11:g.142912850A>G	V/A	gTg/gCg
NC_000016.10:g.68296727T>C	I/T	aTt/aCt
NC_000014.9:g.23424112T>C	D/G	gAt/gGt
NC_000007.14:g.140801533A>G	F/L	Ttt/Ctt
NC_000020.11:g.63442474C>A	V/L	Gtg/Ttg
NC_000015.10:g.48463219T>C	Y/C	tAc/tGc
NC_000010.11:g.93500226C>T	L/F	Ctt/Ttt
NC_000004.12:g.5752852C>T	T/M	aCg/aTg
NC_000002.12:g.189001407G>T	G/V	gGt/gTt
NC_000002.12:g.218809755G>A	G/E	gGg/gAg
NC_000006.12:g.87589956A>C	M/R	aTg/aGg
NC_000001.11:g.7732460G>A	R/K	aGg/aAg
NC_000012.12:g.109792702A>G	F/L	Ttc/Ctc
NC_000013.11:g.30968931G>T	K/N	aaG/aaT
NC_000008.11:g.99832387A>G	S/G	Agt/Ggt
NC_000003.12:g.184245559C>T	G/D	gGc/gAc
NC_000023.11:g.154776193C>G	R/G	Cga/Gga
NC_000007.14:g.33021317T>A	D/V	gAt/gTt
NC_000023.11:g.154032282G>A	P/L	cCt/cTt
NC_000011.10:g.101958193G>A	A/T	Gca/Aca
NC_000004.12:g.128871718A>G	N/S	aAt/aGt
NC_000003.12:g.11026305G>A	V/M	Gtg/Atg
NC_000010.11:g.103458295C>T	A/T	Gcc/Acc
NC_000012.12:g.105142460A>T	T/S	Aca/Tca
NC_000002.12:g.31526225G>A	R/W	Cgg/Tgg
NC_000014.9:g.50302994C>T	G/D	gGt/gAt
NC_000023.11:g.108597507G>A	G/D	gGt/gAt
NC_000008.11:g.24917642C>A	A/D	gCt/gAt
NC_000016.10:g.31484885G>A	A/T	Gct/Act
NC_000004.12:g.108863327C>T	G/R	Gga/Aga
NC_000014.9:g.74259621G>C	R/P	cGa/cCa
NC_000011.10:g.68914934A>G	I/V	Att/Gtt
NC_000006.12:g.135429886G>A	R/W	Cgg/Tgg
NC_000011.10:g.5226592A>T	D/E	gaT/gaA
NC_000009.12:g.133436862C>G	Q/E	Caa/Gaa
NC_000007.14:g.140801531A>C	F/L	ttT/ttG
NC_000013.11:g.20142955C>G	E/Q	Gag/Cag
NC_000023.11:g.38401364T>C	I/T	aTt/aCt
NC_000001.11:g.224424520A>C	S/R	agT/agG
NC_000011.10:g.5226716G>C	P/R	cCt/cGt
NC_000011.10:g.102606646G>T	T/N	aCt/aAt
NC_000017.11:g.7673778T>C	D/G	gAc/gGc
NC_000006.12:g.1610822T>G	I/S	aTc/aGc
NC_000004.12:g.80202243T>C	F/L	Ttc/Ctc
NC_000012.12:g.7689991C>G	V/L	Gtg/Ctg
NC_000011.10:g.134185380C>T	R/K	aGg/aAg
NC_000003.12:g.114350291T>C	H/R	cAc/cGc
NC_000005.10:g.53072695A>G	Q/R	cAg/cGg
NC_000016.10:g.56511214C>A	G/V	gGt/gTt
NC_000008.11:g.38414872A>C	N/K	aaT/aaG
NC_000002.12:g.113246775C>T	C/Y	tGc/tAc
NC_000017.11:g.50191463C>T	G/S	Ggt/Agt
NC_000010.11:g.69103942C>T	S/F	tCc/tTc
NC_000002.12:g.201723437C>T	E/K	Gaa/Aaa
NC_000006.12:g.47574204C>T	R/W	Cgg/Tgg
NC_000014.9:g.23425814G>C	R/G	Cgc/Ggc
NC_000023.11:g.80684155T>C	Q/R	cAa/cGa
NC_000002.12:g.169510430G>A	V/M	Gtg/Atg
NC_000019.10:g.7120677C>T	R/Q	cGg/cAg
NC_000012.12:g.7088865C>T	G/D	gGc/gAc
NC_000003.12:g.184359130A>T	M/K	aTg/aAg
NC_000014.9:g.70946994A>C	N/T	aAc/aCc
NC_000006.12:g.152151987C>T	R/H	cGt/cAt
NC_000001.11:g.94021339C>T	R/Q	cGg/cAg
NC_000009.12:g.104822520T>C	N/S	aAt/aGt
NC_000006.12:g.52059981C>T	A/T	Gca/Aca
NC_000019.10:g.919515C>T	T/I	aCt/aTt
NC_000009.12:g.136434050C>T	G/S	Ggc/Agc
NC_000014.9:g.23375770C>T	R/W	Cgg/Tgg
NC_000013.11:g.32316462T>G	M/R	aTg/aGg
NC_000013.11:g.113075100C>T	R/W	Cgg/Tgg
NC_000001.11:g.46405089C>A	P/T	Cca/Aca
NC_000022.11:g.20934128G>A	G/S	Ggt/Agt
NC_000011.10:g.5227019C>T	M/I	atG/atA
NC_000005.10:g.71522323C>G	Q/E	Caa/Gaa
NC_000012.12:g.8851792G>A	G/E	gGg/gAg
NC_000023.11:g.153725867G>A	V/M	Gtg/Atg
NC_000020.11:g.35437412T>C	M/V	Atg/Gtg
NC_000001.11:g.161629903T>C	N/S	aAc/aGc
NC_000007.14:g.103833594G>C	T/S	aCc/aGc
NC_000023.11:g.154030863G>A	P/L	cCc/cTc
NC_000020.11:g.22581969G>T	P/T	Cct/Act
NC_000011.10:g.88335052A>C	L/R	cTt/cGt
NC_000017.11:g.50198178C>T	G/S	Ggc/Agc
NC_000005.10:g.3600629C>A	P/T	Cca/Aca
NC_000022.11:g.50529292C>A	E/D	gaG/gaT
NC_000009.12:g.133068741A>G	N/S	aAc/aGc
NC_000015.10:g.65375352C>T	V/I	Gtt/Att
NC_000019.10:g.42410516G>A	R/C	Cgc/Tgc
NC_000004.12:g.125490951C>G	S/C	tCt/tGt
NC_000009.12:g.135955409G>A	H/Y	Cat/Tat
NC_000023.11:g.53248814G>A	A/V	gCt/gTt
NC_000002.12:g.27232076G>A	D/N	Gac/Aac
NC_000018.10:g.27985623T>C	D/G	gAt/gGt
NC_000004.12:g.158706353T>C	W/R	Tgg/Cgg
NC_000019.10:g.43769027C>T	R/H	cGc/cAc
NC_000019.10:g.7527954C>A	S/R	agC/agA
NC_000017.11:g.1509784T>C	M/V	Atg/Gtg
NC_000002.12:g.127639339A>G	L/P	cTg/cCg
NC_000007.14:g.48410657C>T	R/C	Cgc/Tgc
NC_000023.11:g.137567448T>A	C/S	Tgc/Agc
NC_000023.11:g.67711653C>T	L/F	Ctt/Ttt
NC_000019.10:g.41982028C>A	G/C	Ggc/Tgc
NC_000009.12:g.130470873T>C	W/R	Tgg/Cgg
NC_000001.11:g.34761477C>T	R/C	Cgc/Tgc
NC_000016.10:g.88428416G>A	E/K	Gag/Aag
NC_000020.11:g.62337628G>A	T/I	aCa/aTa
NC_000020.11:g.58996763G>C	T/S	aCc/aGc
NC_000019.10:g.12767435C>G	V/L	Gtg/Ctg
NC_000011.10:g.20045282G>A	A/T	Gct/Act
NC_000009.12:g.77794572T>C	Q/R	cAa/cGa
NC_000001.11:g.11794807C>T	R/H	cGt/cAt
NC_000011.10:g.68406550G>A	G/R	Ggg/Agg
NC_000010.11:g.79946568A>G	M/T	aTg/aCg
NC_000001.11:g.204159399C>T	R/K	aGa/aAa
NC_000011.10:g.2778030A>G	E/G	gAa/gGa
NC_000003.12:g.179401278C>T	V/I	Gta/Ata
NC_000003.12:g.48579241C>T	G/R	Gga/Aga
NC_000021.9:g.34670695G>C	R/P	cGg/cCg
NC_000019.10:g.3589512C>T	T/I	aCc/aTc
NC_000003.12:g.179210192T>C	C/R	Tgt/Cgt
NC_000002.12:g.100990829G>A	A/T	Gca/Aca
NC_000011.10:g.5234342C>G	R/T	aGa/aCa
NC_000016.10:g.2092573A>G	W/R	Tgg/Cgg
NC_000019.10:g.36877633G>C	S/T	aGt/aCt
NC_000020.11:g.21232820C>T	P/S	Cct/Tct
NC_000001.11:g.23875421C>T	R/Q	cGg/cAg
NC_000011.10:g.5225659T>G	Q/P	cAg/cCg
NC_000017.11:g.63941939C>T	R/H	cGt/cAt
NC_000009.12:g.127461201T>C	M/T	aTg/aCg
NC_000003.12:g.10142104C>G	P/R	cCc/cGc
NC_000010.11:g.5096522G>A	R/Q	cGa/cAa
NC_000016.10:g.89195063G>A	G/R	Ggg/Agg
NC_000023.11:g.154931337G>A	T/I	aCt/aTt
NC_000019.10:g.41985090A>T	I/N	aTc/aAc
NC_000002.12:g.19937861T>C	I/V	Att/Gtt
NC_000001.11:g.156876496G>C	G/R	Ggc/Cgc
NC_000003.12:g.52488281G>A	R/H	cGt/cAt
NC_000016.10:g.2111314G>A	R/W	Cgg/Tgg
NC_000009.12:g.127819937C>T	C/Y	tGt/tAt
NC_000012.12:g.121627018C>T	R/W	Cgg/Tgg
NC_000004.12:g.626011G>A	E/K	Gag/Aag
NC_000009.12:g.136676978G>A	R/C	Cgc/Tgc
NC_000001.11:g.236897072A>G	N/S	aAt/aGt
NC_000002.12:g.202464979G>A	G/R	Gga/Aga
NC_000007.14:g.158138311C>T	R/H	cGt/cAt
NC_000006.12:g.35509255A>G	I/T	aTa/aCa
NC_000019.10:g.41975629C>T	G/S	Ggc/Agc
NC_000005.10:g.33989413C>T	E/K	Gag/Aag
NC_000023.11:g.108575911G>T	G/V	gGc/gTc
NC_000013.11:g.101292058C>T	E/K	Gaa/Aaa
NC_000006.12:g.160718392T>G	C/G	Tgt/Ggt
NC_000007.14:g.5332683C>A	G/V	gGc/gTc
NC_000001.11:g.245685889C>T	A/V	gCg/gTg
NC_000017.11:g.4536410G>A	A/T	Gcc/Acc
NC_000010.11:g.125767581G>A	A/V	gCg/gTg
NC_000001.11:g.68446837C>T	G/S	Ggc/Agc
NC_000003.12:g.46902542A>C	T/P	Acg/Ccg
NC_000007.14:g.138709747G>A	T/M	aCg/aTg
NC_000001.11:g.229431994C>A	G/C	Ggt/Tgt
NC_000020.11:g.62881068C>T	E/K	Gag/Aag
NC_000006.12:g.45431915G>A	G/D	gGt/gAt
NC_000015.10:g.84031356C>T	R/C	Cgt/Tgt
NC_000006.12:g.131726105G>A	V/M	Gtg/Atg
NC_000017.11:g.39670063G>A	A/T	Gct/Act
NC_000006.12:g.159036984G>T	P/T	Cca/Aca
NC_000014.9:g.24259950T>G	N/T	aAc/aCc
NC_000007.14:g.151235545G>A	R/H	cGt/cAt
NC_000001.11:g.114860747C>T	T/I	aCa/aTa
NC_000019.10:g.14161564T>A	T/S	Aca/Tca
NC_000017.11:g.7675089G>C	R/G	Cgc/Ggc
NC_000015.10:g.94470358C>G	L/V	Ctt/Gtt
NC_000012.12:g.122858159C>T	R/W	Cgg/Tgg
NC_000017.11:g.7848173C>T	R/W	Cgg/Tgg
NC_000023.11:g.43949977G>C	S/C	tCc/tGc
NC_000012.12:g.102866632C>T	R/Q	cGg/cAg
NC_000001.11:g.12249306G>C	K/N	aaG/aaC
NC_000002.12:g.188990316G>C	G/R	Ggt/Cgt
NC_000001.11:g.154571682G>C	V/L	Gtg/Ctg
NC_000002.12:g.166278156A>C	L/R	cTg/cGg
NC_000007.14:g.107702030C>A	D/E	gaC/gaA
NC_000019.10:g.45357295A>G	L/P	cTg/cCg
NC_000001.11:g.228175383A>C	Q/P	cAg/cCg
NC_000013.11:g.52024566A>C	Y/S	tAt/tCt
NC_000023.11:g.17692382C>G	L/V	Ctt/Gtt
NC_000012.12:g.120446808T>G	M/R	aTg/aGg
NC_000002.12:g.28783934A>T	E/V	gAg/gTg
NC_000006.12:g.3104279G>C	D/H	Gat/Cat
NC_000020.11:g.59301634C>G	R/G	Cga/Gga
NC_000020.11:g.40688643A>C	S/A	Tcg/Gcg
NC_000001.11:g.92483381C>T	S/N	aGc/aAc
NC_000011.10:g.73395462C>T	R/W	Cgg/Tgg
NC_000003.12:g.122700009T>A	S/R	agT/agA
NC_000001.11:g.113898727T>C	I/V	Att/Gtt
NC_000006.12:g.36291501C>A	D/E	gaC/gaA
NC_000006.12:g.43519778C>T	H/Y	Cac/Tac
NC_000023.11:g.8731961C>G	G/R	Ggc/Cgc
NC_000007.14:g.129205670G>A	V/I	Gtc/Atc
NC_000012.12:g.47987175C>T	G/D	gGt/gAt
NC_000010.11:g.29550781G>A	R/W	Cgg/Tgg
NC_000015.10:g.48430715C>T	C/Y	tGt/tAt
NC_000011.10:g.93699692A>C	K/Q	Aag/Cag
NC_000010.11:g.27170314C>A	S/Y	tCc/tAc
NC_000015.10:g.74196047C>G	A/P	Gca/Cca
NC_000021.9:g.43066320C>T	R/Q	cGg/cAg
NC_000003.12:g.11259094G>C	K/N	aaG/aaC
NC_000019.10:g.11237536C>T	G/R	Ggg/Agg
NC_000014.9:g.55142700G>A	R/K	aGg/aAg
NC_000001.11:g.23797718G>A	R/W	Cgg/Tgg
NC_000023.11:g.71224012A>G	E/G	gAg/gGg
NC_000001.11:g.117075222A>G	K/R	aAa/aGa
NC_000002.12:g.189004046G>T	G/V	gGt/gTt
NC_000023.11:g.74743396C>G	E/D	gaG/gaC
NC_000023.11:g.74740322C>T	R/H	cGt/cAt
NC_000003.12:g.46521635G>A	P/L	cCt/cTt
NC_000007.14:g.76441894G>T	R/S	agG/agT
NC_000020.11:g.62880840G>C	L/V	Ctt/Gtt
NC_000003.12:g.97768199C>G	T/R	aCg/aGg
NC_000003.12:g.69951870G>C	K/N	aaG/aaC
NC_000004.12:g.169507750C>T	A/T	Gct/Act
NC_000019.10:g.48302837C>T	R/H	cGt/cAt
NC_000016.10:g.2496899T>C	F/L	Ttc/Ctc
NC_000017.11:g.5559485C>T	R/Q	cGg/cAg
NC_000002.12:g.189008933G>C	G/R	Ggc/Cgc
NC_000011.10:g.18287917G>A	P/L	cCg/cTg
NC_000019.10:g.44907843C>T	R/C	Cgc/Tgc
NC_000012.12:g.123758010A>G	N/S	aAt/aGt
NC_000011.10:g.2572053G>A	D/N	Gac/Aac
NC_000001.11:g.150509669G>A	A/T	Gca/Aca
NC_000015.10:g.63121917G>A	G/R	Ggg/Agg
NC_000002.12:g.74047617T>C	V/A	gTc/gCc
NC_000011.10:g.66003284G>A	A/T	Gca/Aca
NC_000007.14:g.6387229G>A	C/Y	tGc/tAc
NC_000007.14:g.55861993C>T	A/T	Gca/Aca
NC_000009.12:g.110136428G>A	C/Y	tGc/tAc
NC_000001.11:g.85267691C>T	G/E	gGa/gAa
NC_000017.11:g.82807650G>A	R/Q	cGg/cAg
NC_000002.12:g.47512412A>G	Q/R	cAg/cGg
NC_000002.12:g.63433768C>T	G/S	Ggt/Agt
NC_000008.11:g.93780747G>T	W/L	tGg/tTg
NC_000021.9:g.46215262T>C	H/R	cAc/cGc
NC_000001.11:g.4712475G>A	G/D	gGc/gAc
NC_000004.12:g.186194538C>T	R/C	Cgc/Tgc
NC_000017.11:g.7676152C>T	V/M	Gtg/Atg
NC_000003.12:g.184930527G>A	E/K	Gag/Aag
NC_000023.11:g.77633682A>G	C/R	Tgt/Cgt
NC_000011.10:g.65868522G>A	R/C	Cgc/Tgc
NC_000021.9:g.31659782G>A	A/T	Gcc/Acc
NC_000001.11:g.162790832G>C	S/T	aGc/aCc
NC_000020.11:g.23826456G>A	R/W	Cgg/Tgg
NC_000014.9:g.77555325G>A	S/F	tCt/tTt
NC_000001.11:g.214647227G>A	E/K	Gag/Aag
NC_000001.11:g.21839470T>C	I/V	Atc/Gtc
NC_000010.11:g.114289138C>T	R/W	Cgg/Tgg
NC_000002.12:g.46907878C>A	D/Y	Gat/Tat
NC_000007.14:g.121339025T>C	S/P	Tca/Cca
NC_000023.11:g.70352640C>T	A/V	gCg/gTg
NC_000002.12:g.39023118A>G	I/T	aTt/aCt
NC_000012.12:g.64193904C>G	V/L	Gtc/Ctc
NC_000003.12:g.58136063G>A	G/R	Ggg/Agg
NC_000017.11:g.50201511C>T	M/I	atG/atA
NC_000023.11:g.17728274G>A	D/N	Gat/Aat
NC_000002.12:g.237360150C>T	G/S	Ggt/Agt
NC_000007.14:g.117535363T>A	V/D	gTc/gAc
NC_000009.12:g.132331293G>A	R/W	Cgg/Tgg
NC_000023.11:g.74529232T>C	L/P	cTg/cCg
NC_000018.10:g.22181504A>G	T/A	Acc/Gcc
NC_000003.12:g.177051722C>T	G/D	gGt/gAt
NC_000020.11:g.41422079C>T	G/D	gGt/gAt
NC_000001.11:g.222943130G>A	E/K	Gag/Aag
NC_000013.11:g.20189386C>G	D/H	Gat/Cat
NC_000021.9:g.18341466C>T	G/E	gGg/gAg
NC_000021.9:g.42375852G>A	P/L	cCc/cTc
NC_000023.11:g.136648280G>A	R/Q	cGa/cAa
NC_000017.11:g.64350416T>C	R/G	Aga/Gga
NC_000012.12:g.71696504T>A	L/M	Ttg/Atg
NC_000020.11:g.4699870A>G	Q/R	cAg/cGg
NC_000012.12:g.47974758C>T	V/I	Gtt/Att
NC_000006.12:g.42965262G>A	R/W	Cgg/Tgg
NC_000001.11:g.22647604G>A	V/I	Gtc/Atc
NC_000015.10:g.41736499C>G	S/C	tCt/tGt
NC_000009.12:g.70225775T>C	V/A	gTa/gCa
NC_000004.12:g.106194735A>C	F/C	tTt/tGt
NC_000011.10:g.89227933G>A	D/N	Gat/Aat
NC_000023.11:g.108571414G>T	G/V	gGa/gTa
NC_000019.10:g.7678983C>T	R/W	Cgg/Tgg
NC_000003.12:g.10142110G>C	W/S	tGg/tCg
NC_000002.12:g.218890257A>G	D/G	gAc/gGc
NC_000002.12:g.173366304C>T	R/C	Cgt/Tgt
NC_000006.12:g.3104279G>A	D/N	Gat/Aat
NC_000005.10:g.150056130A>G	L/P	cTg/cCg
NC_000016.10:g.89145312G>A	R/Q	cGg/cAg
NC_000010.11:g.88947371T>C	M/V	Atg/Gtg
NC_000012.12:g.55957218G>A	A/V	gCa/gTa
NC_000016.10:g.68346248A>G	R/G	Aga/Gga
NC_000014.9:g.74781398A>T	Y/F	tAc/tTc
NC_000003.12:g.48432676T>C	Q/R	cAg/cGg
NC_000014.9:g.53046803C>T	D/N	Gat/Aat
NC_000004.12:g.667922T>A	W/R	Tgg/Agg
NC_000010.11:g.133369924C>T	A/T	Gct/Act
NC_000012.12:g.4370713G>A	S/F	tCt/tTt
NC_000001.11:g.186038865G>T	G/V	gGt/gTt
NC_000001.11:g.68448653A>G	L/P	cTg/cCg
NC_000017.11:g.42787375G>A	R/H	cGt/cAt
NC_000019.10:g.1221977G>T	R/S	agG/agT
NC_000023.11:g.38367344C>T	T/I	aCt/aTt
NC_000023.11:g.50086556C>T	R/W	Cgg/Tgg
NC_000004.12:g.54267639G>A	R/Q	cGg/cAg
NC_000022.11:g.31906252C>T	A/V	gCa/gTa
NC_000019.10:g.12897833A>G	M/V	Atg/Gtg
NC_000012.12:g.21239042A>C	L/F	ttA/ttC
NC_000023.11:g.154969459G>A	T/I	aCa/aTa
NC_000005.10:g.177332169C>T	A/T	Gct/Act
NC_000011.10:g.64810109T>G	M/L	Atg/Ctg
NC_000008.11:g.132175461A>G	W/R	Tgg/Cgg
NC_000003.12:g.193454207T>C	T/A	Act/Gct
NC_000015.10:g.27989601C>T	M/I	atG/atA
NC_000002.12:g.44942853T>C	V/A	gTa/gCa
NC_000004.12:g.23813087C>T	R/H	cGc/cAc
NC_000010.11:g.43114500T>G	C/G	Tgc/Ggc
NC_000006.12:g.79060680G>T	R/S	Cgc/Agc
NC_000012.12:g.52241562G>A	A/T	Gct/Act
NC_000007.14:g.117587833G>A	R/K	aGa/aAa
NC_000023.11:g.43958577G>C	D/E	gaC/gaG
NC_000005.10:g.35708993C>T	A/V	gCt/gTt
NC_000001.11:g.42943239T>A	N/I	aAt/aTt
NC_000009.12:g.132329485T>G	I/L	Att/Ctt
NC_000008.11:g.144513304G>A	P/S	Cca/Tca
NC_000023.11:g.47627296G>A	P/L	cCc/cTc
NC_000007.14:g.122076556C>T	G/E	gGa/gAa
NC_000023.11:g.132078459G>C	H/D	Cat/Gat
NC_000002.12:g.74363045T>G	N/H	Aat/Cat
NC_000001.11:g.209796501G>A	P/S	Cca/Tca
NC_000002.12:g.148489425A>T	I/L	Ata/Tta
NC_000011.10:g.88294163T>C	Y/C	tAt/tGt
NC_000017.11:g.40480702G>A	A/V	gCg/gTg
NC_000023.11:g.38269709C>T	D/N	Gac/Aac
NC_000017.11:g.42793641G>A	R/Q	cGg/cAg
NC_000014.9:g.24259720C>T	R/Q	cGg/cAg
NC_000016.10:g.53873846C>T	S/F	tCc/tTc
NC_000023.11:g.139537048C>T	R/W	Cgg/Tgg
NC_000021.9:g.44437106A>G	K/R	aAg/aGg
NC_000015.10:g.71899958C>T	V/M	Gtg/Atg
NC_000004.12:g.68537870G>A	H/Y	Cat/Tat
NC_000008.11:g.99853608G>A	G/R	Ggg/Agg
NC_000015.10:g.40471851G>C	R/P	cGg/cCg
NC_000017.11:g.3897828T>C	M/V	Atg/Gtg
NC_000017.11:g.41817156G>A	R/Q	cGa/cAa
NC_000003.12:g.129529074G>T	G/V	gGc/gTc
NC_000009.12:g.13183465C>T	G/S	Ggt/Agt
NC_000016.10:g.50711058G>A	E/K	Gag/Aag
NC_000009.12:g.32493769T>G	I/L	Att/Ctt
NC_000005.10:g.180619749C>T	A/T	Gcc/Acc
NC_000018.10:g.2667010A>T	S/C	Agt/Tgt
NC_000020.11:g.3082980C>T	D/N	Gac/Aac
NC_000016.10:g.57903884T>C	K/R	aAg/aGg
NC_000016.10:g.70127360T>C	Y/H	Tat/Cat
NC_000001.11:g.155040566C>T	T/I	aCc/aTc
NC_000017.11:g.8142829C>T	G/D	gGt/gAt
NC_000003.12:g.87262098A>G	W/R	Tgg/Cgg
NC_000023.11:g.151954917C>G	E/D	gaG/gaC
NC_000009.12:g.92715372T>C	M/V	Atg/Gtg
NC_000008.11:g.102218917T>C	E/G	gAa/gGa
NC_000019.10:g.44107501G>T	Q/H	caG/caT
NC_000017.11:g.80220312A>G	M/T	aTg/aCg
NC_000019.10:g.52765737C>G	K/N	aaG/aaC
NC_000001.11:g.40819926G>A	G/S	Ggc/Agc
NC_000001.11:g.16138117G>T	P/T	Ccc/Acc
NC_000002.12:g.29213992G>C	F/L	ttC/ttG
NC_000015.10:g.48488403C>A	G/V	gGc/gTc
NC_000007.14:g.150627888T>C	Q/R	cAa/cGa
NC_000002.12:g.165992053C>T	C/Y	tGt/tAt
NC_000015.10:g.48644607C>A	G/W	Ggg/Tgg
NC_000001.11:g.11795161A>G	L/P	cTc/cCc
NC_000002.12:g.202532613A>C	E/A	gAa/gCa
NC_000001.11:g.206902976T>G	L/V	Ttg/Gtg
NC_000017.11:g.63481590C>T	R/W	Cgg/Tgg
NC_000014.9:g.67724556T>A	I/N	aTt/aAt
NC_000004.12:g.154744334A>G	N/S	aAc/aGc
NC_000011.10:g.17387595C>T	C/Y	tGc/tAc
NC_000003.12:g.101372081C>A	Q/H	caG/caT
NC_000007.14:g.148811696C>T	V/M	Gtg/Atg
NC_000012.12:g.6869174G>C	E/D	gaG/gaC
NC_000004.12:g.148436758C>G	E/Q	Gag/Cag
NC_000008.11:g.38414875C>G	R/S	agG/agC
NC_000019.10:g.18082250G>A	P/S	Cct/Tct
NC_000022.11:g.44093970C>G	P/R	cCg/cGg
NC_000014.9:g.24261776G>C	R/G	Cgc/Ggc
NC_000019.10:g.56032678C>T	H/Y	Cac/Tac
NC_000019.10:g.38164749G>A	A/T	Gct/Act
NC_000016.10:g.3589962G>A	R/W	Cgg/Tgg
NC_000010.11:g.26709708T>G	F/C	tTt/tGt
NC_000017.11:g.78133538C>T	R/W	Cgg/Tgg
NC_000016.10:g.56351397A>G	E/G	gAg/gGg
NC_000005.10:g.33988340A>C	L/V	Tta/Gta
NC_000001.11:g.110061550T>C	N/S	aAc/aGc
NC_000001.11:g.149923943A>G	S/P	Tct/Cct
NC_000003.12:g.49129027C>T	R/Q	cGa/cAa
NC_000023.11:g.70426402C>T	A/V	gCg/gTg
NC_000008.11:g.38421889T>A	N/I	aAt/aTt
NC_000017.11:g.1498094C>T	D/N	Gat/Aat
NC_000017.11:g.78507511T>C	T/A	Acc/Gcc
NC_000017.11:g.50196651C>T	G/D	gGt/gAt
NC_000003.12:g.37050523G>A	G/R	Gga/Aga
NC_000007.14:g.117531106T>G	Y/D	Tat/Gat
NC_000011.10:g.61958194C>T	R/W	Cgg/Tgg
NC_000011.10:g.64809976T>C	E/G	gAg/gGg
NC_000012.12:g.71577986C>G	L/V	Cta/Gta
NC_000010.11:g.5213040G>A	A/T	Gcc/Acc
NC_000009.12:g.127663314G>A	C/Y	tGt/tAt
NC_000001.11:g.228378686G>A	R/Q	cGg/cAg
NC_000001.11:g.75137116C>T	A/V	gCg/gTg
NC_000001.11:g.156130658G>T	R/L	cGg/cTg
NC_000011.10:g.26598397A>T	R/W	Agg/Tgg
NC_000001.11:g.237778727G>A	G/D	gGc/gAc
NC_000010.11:g.98443214C>G	E/D	gaG/gaC
NC_000002.12:g.96265379C>A	M/I	atG/atT
NC_000011.10:g.121187849A>G	D/G	gAt/gGt
NC_000002.12:g.165344627G>A	G/R	Ggg/Agg
NC_000005.10:g.110761662G>T	E/D	gaG/gaT
NC_000009.12:g.104819706G>C	L/V	Cta/Gta
NC_000021.9:g.36413066C>T	P/L	cCg/cTg
NC_000002.12:g.219505556G>A	G/D	gGt/gAt
NC_000012.12:g.101737877T>C	Q/R	cAg/cGg
NC_000016.10:g.24790317A>G	M/V	Atg/Gtg
NC_000002.12:g.104856877A>G	N/S	aAt/aGt
NC_000004.12:g.10077754G>A	S/L	tCg/tTg
NC_000001.11:g.966543C>A	S/R	agC/agA
NC_000014.9:g.75690266C>T	A/V	gCt/gTt
NC_000007.14:g.92456449C>T	R/W	Cgg/Tgg
NC_000001.11:g.176771044G>T	A/S	Gct/Tct
NC_000019.10:g.7267833A>G	V/A	gTc/gCc
NC_000002.12:g.162282494T>G	D/A	gAt/gCt
NC_000022.11:g.41149953A>G	T/A	Aca/Gca
NC_000006.12:g.43519737T>C	V/A	gTg/gCg
NC_000013.11:g.40808575A>T	I/L	Ata/Tta
NC_000001.11:g.109630697G>C	E/D	gaG/gaC
NC_000019.10:g.12885926A>G	S/P	Tcc/Ccc
NC_000003.12:g.183650358T>C	M/T	aTg/aCg
NC_000006.12:g.50836231T>G	S/A	Tcg/Gcg
NC_000017.11:g.58280442C>T	D/N	Gac/Aac
NC_000004.12:g.75564135C>T	P/L	cCt/cTt
NC_000022.11:g.50626920C>T	E/K	Gag/Aag
NC_000012.12:g.88532473T>C	T/A	Acc/Gcc
NC_000005.10:g.150135834T>A	I/F	Atc/Ttc
NC_000017.11:g.31327718C>A	R/S	Cgc/Agc
NC_000001.11:g.162776341C>T	R/C	Cgc/Tgc
NC_000006.12:g.121160964G>A	P/L	cCg/cTg
NC_000002.12:g.218882357C>T	R/C	Cgc/Tgc
NC_000018.10:g.49902673C>A	R/L	cGc/cTc
NC_000001.11:g.29200574G>A	R/W	Cgg/Tgg
NC_000014.9:g.103563042C>G	P/R	cCt/cGt
NC_000006.12:g.151808264T>C	S/P	Tcg/Ccg
NC_000023.11:g.53411822C>T	R/Q	cGa/cAa
NC_000002.12:g.38071060G>C	L/V	Ctg/Gtg
NC_000023.11:g.74740737G>A	P/S	Cca/Tca
NC_000002.12:g.98396398C>T	R/W	Cgg/Tgg
NC_000002.12:g.188993434G>A	G/E	gGa/gAa
NC_000006.12:g.117362700T>A	N/I	aAc/aTc
NC_000009.12:g.744585C>G	S/C	tCt/tGt
NC_000007.14:g.94426505G>A	G/E	gGa/gAa
NC_000006.12:g.84764040C>T	G/R	Ggg/Agg
NC_000014.9:g.81092563T>A	I/N	aTc/aAc
NC_000011.10:g.102606664A>G	V/A	gTa/gCa
NC_000017.11:g.42610535A>G	Y/C	tAc/tGc
NC_000007.14:g.150974803G>A	P/L	cCg/cTg
NC_000019.10:g.18167260A>G	K/E	Aag/Gag
NC_000002.12:g.206145009T>C	D/G	gAt/gGt
NC_000017.11:g.63477099G>T	G/V	gGg/gTg
NC_000006.12:g.151615576C>A	A/D	gCt/gAt
NC_000019.10:g.7170561T>C	K/E	Aag/Gag
NC_000005.10:g.171891532C>G	G/R	Ggt/Cgt
NC_000019.10:g.13963151C>T	G/S	Ggc/Agc
NC_000017.11:g.21703384G>C	A/P	Gcc/Ccc
NC_000014.9:g.23427723C>G	G/R	Ggc/Cgc
NC_000020.11:g.64049234A>T	W/R	Tgg/Agg
NC_000011.10:g.112086910G>A	M/I	atG/atA
NC_000009.12:g.37436700G>A	R/H	cGc/cAc
NC_000022.11:g.50524353C>G	R/P	cGg/cCg
NC_000004.12:g.110621225G>A	P/L	cCg/cTg
NC_000012.12:g.45852892C>T	P/L	cCg/cTg
NC_000003.12:g.10048008T>C	L/P	cTa/cCa
NC_000015.10:g.42690957G>A	V/M	Gtg/Atg
NC_000017.11:g.10451410T>G	S/R	Agt/Cgt
NC_000002.12:g.73452829C>T	S/L	tCg/tTg
NC_000012.12:g.125652514C>T	A/V	gCg/gTg
NC_000020.11:g.49249387T>C	I/V	Ata/Gta
NC_000020.11:g.64049207C>G	A/P	Gct/Cct
NC_000013.11:g.51937495G>A	A/V	gCc/gTc
NC_000003.12:g.8767572G>C	L/V	Cta/Gta
NC_000023.11:g.38381360G>A	G/E	gGa/gAa
NC_000006.12:g.31949523G>A	M/I	atG/atA
NC_000002.12:g.214958415G>C	I/M	atC/atG
NC_000019.10:g.10793829G>A	E/K	Gag/Aag
NC_000007.14:g.103303908G>A	R/H	cGt/cAt
NC_000017.11:g.41624230G>A	R/C	Cgc/Tgc
NC_000002.12:g.188988091G>A	G/D	gGc/gAc
NC_000007.14:g.36411062C>T	R/C	Cgt/Tgt
NC_000007.14:g.148828812C>G	D/H	Gac/Cac
NC_000021.9:g.45504470G>C	G/R	Ggg/Cgg
NC_000022.11:g.21634817G>A	V/M	Gtg/Atg
NC_000005.10:g.122077526G>A	L/F	Ctc/Ttc
NC_000018.10:g.23539875C>T	G/S	Ggc/Agc
NC_000003.12:g.184321878A>G	M/V	Atg/Gtg
NC_000007.14:g.108573088G>A	R/H	cGt/cAt
NC_000007.14:g.150974719C>T	R/Q	cGg/cAg
NC_000017.11:g.44913333C>G	R/P	cGc/cCc
NC_000009.12:g.114403926G>T	N/K	aaC/aaA
NC_000016.10:g.70938692T>C	E/G	gAa/gGa
NC_000010.11:g.69382555C>T	S/L	tCg/tTg
NC_000014.9:g.94378506T>G	E/D	gaA/gaC
NC_000006.12:g.10626447G>A	G/E	gGa/gAa
NC_000002.12:g.97724319C>T	P/S	Ccc/Tcc
NC_000017.11:g.43106487A>T	C/S	Tgt/Agt
NC_000020.11:g.46725461G>T	G/V	gGc/gTc
NC_000016.10:g.23380725C>T	P/L	cCg/cTg
NC_000006.12:g.1610837C>G	S/W	tCg/tGg
NC_000019.10:g.3115009G>A	R/Q	cGg/cAg
NC_000012.12:g.8222516G>T	A/E	gCg/gAg
NC_000020.11:g.6107618G>A	R/C	Cgc/Tgc
NC_000013.11:g.32379467G>A	V/M	Gtg/Atg
NC_000010.11:g.16937594G>A	P/L	cCa/cTa
NC_000004.12:g.15936367T>A	D/V	gAc/gTc
NC_000009.12:g.104598728C>G	S/T	aGc/aCc
NC_000020.11:g.2403685A>G	I/V	Atc/Gtc
NC_000001.11:g.214646003C>T	R/C	Cgc/Tgc
NC_000001.11:g.11243144G>A	A/V	gCg/gTg
NC_000016.10:g.3590784C>T	A/T	Gcg/Acg
NC_000011.10:g.117363489G>A	G/S	Ggt/Agt
NC_000020.11:g.763900A>C	F/C	tTc/tGc
NC_000005.10:g.150129831C>T	R/Q	cGg/cAg
NC_000007.14:g.94409403G>C	G/R	Ggc/Cgc
NC_000013.11:g.32340645C>T	T/M	aCg/aTg
NC_000001.11:g.3426071C>T	L/F	Ctc/Ttc
NC_000003.12:g.122284316T>C	F/L	Ttc/Ctc
NC_000003.12:g.38909154A>G	I/T	aTt/aCt
NC_000005.10:g.16701687A>G	M/T	aTg/aCg
NC_000017.11:g.70175283C>T	R/W	Cgg/Tgg
NC_000007.14:g.47929356C>T	R/Q	cGg/cAg
NC_000002.12:g.222297158G>C	N/K	aaC/aaG
NC_000019.10:g.35746735T>G	L/R	cTc/cGc
NC_000013.11:g.108209471C>T	E/K	Gaa/Aaa
NC_000002.12:g.189008134G>A	G/R	Gga/Aga
NC_000023.11:g.71223989C>A	H/Q	caC/caA
NC_000001.11:g.215675336C>T	R/H	cGc/cAc
NC_000016.10:g.1495588T>C	V/A	gTc/gCc
NC_000021.9:g.44894992A>T	H/Q	caT/caA
NC_000003.12:g.69119477C>T	G/D	gGt/gAt
NC_000017.11:g.14301571T>A	L/H	cTc/cAc
NC_000005.10:g.37048502G>A	G/E	gGa/gAa
NC_000005.10:g.66054059A>G	K/R	aAg/aGg
NC_000017.11:g.42787491G>C	D/H	Gac/Cac
NC_000023.11:g.154030456G>A	R/C	Cgc/Tgc
NC_000009.12:g.69035785G>T	M/I	atG/atT
NC_000015.10:g.71811590C>T	R/W	Cgg/Tgg
NC_000002.12:g.188997745G>A	G/R	Gga/Aga
NC_000013.11:g.52011297G>T	A/D	gCc/gAc
NC_000006.12:g.55874504T>C	N/S	aAt/aGt
NC_000023.11:g.154413249G>A	R/H	cGt/cAt
NC_000006.12:g.151585974G>A	R/K	aGg/aAg
NC_000012.12:g.6044322C>A	C/F	tGt/tTt
NC_000001.11:g.11970750G>C	W/C	tgG/tgC
NC_000001.11:g.235494789T>C	Y/C	tAt/tGt
NC_000023.11:g.150658011G>A	G/E	gGa/gAa
NC_000011.10:g.47343146C>G	R/T	aGg/aCg
NC_000007.14:g.56019720A>G	M/T	aTg/aCg
NC_000009.12:g.2081902G>C	G/A	gGg/gCg
NC_000003.12:g.69119211G>A	P/S	Ccc/Tcc
NC_000009.12:g.115041016C>T	V/M	Gtg/Atg
NC_000020.11:g.63413526C>T	D/N	Gac/Aac
NC_000017.11:g.43063883T>G	S/R	Agc/Cgc
NC_000016.10:g.89935589C>T	R/C	Cgc/Tgc
NC_000007.14:g.21543346A>T	E/V	gAg/gTg
NC_000010.11:g.4991861T>G	N/T	aAc/aCc
NC_000012.12:g.101595087A>T	K/M	aAg/aTg
NC_000016.10:g.16154898C>A	R/L	cGc/cTc
NC_000023.11:g.154902167C>A	G/V	gGt/gTt
NC_000016.10:g.3879915A>T	M/K	aTg/aAg
NC_000022.11:g.19724240G>C	A/P	Gcc/Ccc
NC_000023.11:g.134498431C>T	P/L	cCa/cTa
NC_000011.10:g.17396980C>T	R/H	cGc/cAc
NC_000001.11:g.11847114C>T	R/Q	cGg/cAg
NC_000012.12:g.47983410C>T	G/D	gGt/gAt
NC_000022.11:g.50465794G>A	P/L	cCc/cTc
NC_000007.14:g.24699183A>T	F/Y	tTt/tAt
NC_000016.10:g.2056753G>A	C/Y	tGc/tAc
NC_000011.10:g.61398269G>C	R/T	aGg/aCg
NC_000014.9:g.64027683T>A	L/I	Tta/Ata
NC_000017.11:g.68600509A>T	L/Q	cTg/cAg
NC_000017.11:g.80107837T>C	L/P	cTg/cCg
NC_000001.11:g.115732968T>C	K/R	aAg/aGg
NC_000023.11:g.137567449G>C	C/S	tGc/tCc
NC_000012.12:g.71700847C>G	T/S	aCt/aGt
NC_000003.12:g.191369951A>T	L/F	ttA/ttT
NC_000019.10:g.7647478A>G	R/G	Agg/Ggg
NC_000003.12:g.122718689C>T	A/V	gCg/gTg
NC_000002.12:g.26727958A>G	Y/C	tAc/tGc
NC_000002.12:g.166002670G>C	S/R	agC/agG
NC_000014.9:g.67724568C>T	T/M	aCg/aTg
NC_000016.10:g.30756191G>A	G/E	gGg/gAg
NC_000012.12:g.109792704T>C	Y/C	tAc/tGc
NC_000023.11:g.38403681C>T	H/Y	Cac/Tac
NC_000011.10:g.27368475C>T	A/T	Gct/Act
NC_000006.12:g.111591806C>T	S/N	aGt/aAt
NC_000004.12:g.168179310T>C	I/T	aTt/aCt
NC_000012.12:g.114355776C>T	R/Q	cGg/cAg
NC_000010.11:g.13651960T>A	N/I	aAc/aTc
NC_000002.12:g.140356355G>T	N/K	aaC/aaA
NC_000001.11:g.161307386T>A	R/W	Agg/Tgg
NC_000019.10:g.40611394G>A	D/N	Gat/Aat
NC_000023.11:g.18945131T>C	K/E	Aag/Gag
NC_000005.10:g.33453311G>A	V/I	Gtt/Att
NC_000002.12:g.208350930C>T	A/V	gCc/gTc
NC_000011.10:g.129910599A>T	S/T	Tcc/Acc
NC_000003.12:g.130563467G>A	R/Q	cGg/cAg
NC_000001.11:g.12001411A>G	Q/R	cAg/cGg
NC_000019.10:g.4099227G>A	P/L	cCg/cTg
NC_000009.12:g.4118540C>G	G/A	gGg/gCg
NC_000005.10:g.41149429G>A	T/I	aCt/aTt
NC_000014.9:g.90288593C>T	E/K	Gaa/Aaa
NC_000019.10:g.57859398G>A	C/Y	tGt/tAt
NC_000022.11:g.50744827A>G	M/V	Atg/Gtg
NC_000004.12:g.56469676G>A	V/I	Gta/Ata
NC_000002.12:g.165998130A>G	Y/H	Tac/Cac
NC_000005.10:g.90625152C>A	P/H	cCt/cAt
NC_000023.11:g.31478233C>T	R/Q	cGg/cAg
NC_000002.12:g.39022779A>G	L/P	cTg/cCg
NC_000018.10:g.51065518G>C	D/H	Gat/Cat
NC_000009.12:g.133448718T>G	C/G	Tgc/Ggc
NC_000011.10:g.47342733C>A	G/V	gGg/gTg
NC_000012.12:g.52488425G>A	R/W	Cgg/Tgg
NC_000006.12:g.49619338A>C	I/R	aTa/aGa
NC_000011.10:g.67611948A>C	S/R	Agc/Cgc
NC_000003.12:g.141577065G>T	V/L	Gta/Tta
NC_000005.10:g.112834986G>A	E/K	Gaa/Aaa
NC_000018.10:g.2740707A>G	I/M	atA/atG
NC_000012.12:g.26065230G>A	R/Q	cGg/cAg
NC_000001.11:g.34761461C>G	F/L	ttC/ttG
NC_000021.9:g.31659783C>T	A/V	gCc/gTc
NC_000023.11:g.80688070T>C	K/R	aAg/aGg
NC_000023.11:g.3310612G>C	L/V	Ctg/Gtg
NC_000001.11:g.155238214A>C	N/K	aaT/aaG
NC_000019.10:g.41122109G>C	Q/H	caG/caC
NC_000009.12:g.77276090T>C	V/A	gTt/gCt
NC_000001.11:g.21834811G>A	R/W	Cgg/Tgg
NC_000011.10:g.76544410T>G	L/R	cTt/cGt
NC_000003.12:g.9013774T>C	I/V	Att/Gtt
NC_000004.12:g.87846214A>C	N/T	aAc/aCc
NC_000015.10:g.49860278A>T	N/K	aaT/aaA
NC_000011.10:g.6437622G>A	T/M	aCg/aTg
NC_000018.10:g.43273924C>T	A/T	Gca/Aca
NC_000013.11:g.24793154A>G	M/V	Atg/Gtg
NC_000019.10:g.15537909C>G	S/C	tCc/tGc
NC_000012.12:g.40305791C>G	P/A	Cct/Gct
NC_000012.12:g.121854779C>T	R/Q	cGg/cAg
NC_000017.11:g.44879635T>C	H/R	cAt/cGt
NC_000012.12:g.52321269A>C	C/G	Tgc/Ggc
NC_000014.9:g.102033136G>A	R/Q	cGg/cAg
NC_000001.11:g.236038229C>T	R/H	cGc/cAc
NC_000001.11:g.117018494T>G	Y/D	Tac/Gac
NC_000016.10:g.88643420A>G	V/A	gTg/gCg
NC_000011.10:g.117397296C>A	R/S	Cgc/Agc
NC_000001.11:g.114713908T>C	Q/R	cAa/cGa
NC_000001.11:g.11796219A>T	I/N	aTc/aAc
NC_000005.10:g.171876352G>T	A/D	gCt/gAt
NC_000014.9:g.91887253A>G	S/P	Tct/Cct
NC_000005.10:g.38493680G>A	S/L	tCg/tTg
NC_000004.12:g.9920504C>T	V/M	Gtg/Atg
NC_000014.9:g.22836827G>A	A/T	Gcc/Acc
NC_000007.14:g.140753346G>C	L/V	Cta/Gta
NC_000019.10:g.39488079C>T	R/W	Cgg/Tgg
NC_000002.12:g.43794627T>C	M/T	aTg/aCg
NC_000007.14:g.123134504T>C	N/D	Aac/Gac
NC_000023.11:g.111401157T>C	K/E	Aag/Gag
NC_000001.11:g.17022649G>T	R/S	Cgc/Agc
NC_000009.12:g.69221188G>A	R/H	cGc/cAc
NC_000015.10:g.25375650C>T	R/H	cGt/cAt
NC_000007.14:g.140777032A>T	L/Q	cTg/cAg
NC_000008.11:g.38424655T>G	N/H	Aac/Cac
NC_000009.12:g.35685529G>A	R/W	Cgg/Tgg
NC_000003.12:g.49100296C>A	G/V	gGt/gTt
NC_000017.11:g.2300062C>G	D/H	Gac/Cac
NC_000010.11:g.12097966G>A	M/I	atG/atA
NC_000016.10:g.16175934C>A	G/V	gGa/gTa
NC_000003.12:g.12584539G>A	T/M	aCg/aTg
NC_000005.10:g.55956082T>A	N/Y	Aat/Tat
NC_000017.11:g.2373413G>A	R/Q	cGg/cAg
NC_000014.9:g.23424935G>A	P/L	cCg/cTg
NC_000001.11:g.11022437A>G	Q/R	cAg/cGg
NC_000007.14:g.47885922C>T	R/Q	cGg/cAg
NC_000003.12:g.183650359G>A	M/I	atG/atA
NC_000005.10:g.151851418C>T	S/N	aGc/aAc
NC_000019.10:g.10793833G>A	R/Q	cGg/cAg
NC_000015.10:g.27871233A>G	I/T	aTa/aCa
NC_000023.11:g.30308492C>G	W/S	tGg/tCg
NC_000015.10:g.48427756A>G	C/R	Tgc/Cgc
NC_000008.11:g.11548108G>C	K/N	aaG/aaC
NC_000017.11:g.80217194T>C	Q/R	cAg/cGg
NC_000015.10:g.72375857A>C	L/R	cTt/cGt
NC_000001.11:g.119422277C>T	T/M	aCg/aTg
NC_000011.10:g.68784923C>T	R/Q	cGg/cAg
NC_000004.12:g.109869732G>A	C/Y	tGt/tAt
NC_000016.10:g.50711057C>G	D/E	gaC/gaG
NC_000015.10:g.48229278G>T	V/F	Gtt/Ttt
NC_000009.12:g.77358419G>C	K/N	aaG/aaC
NC_000007.14:g.40133169T>C	M/V	Atg/Gtg
NC_000023.11:g.77589929C>T	S/N	aGc/aAc
NC_000023.11:g.150598600G>T	V/F	Gtt/Ttt
NC_000023.11:g.149490395T>C	T/A	Aca/Gca
NC_000006.12:g.51632705C>A	R/L	cGa/cTa
NC_000011.10:g.59855881C>T	V/I	Gtc/Atc
NC_000013.11:g.28018504T>G	D/A	gAt/gCt
NC_000015.10:g.48470744C>T	C/Y	tGc/tAc
NC_000001.11:g.169851914A>C	E/A	gAa/gCa
NC_000019.10:g.7267659C>G	R/P	cGa/cCa
NC_000003.12:g.44838351C>T	S/L	tCg/tTg
NC_000019.10:g.15192289C>A	C/F	tGc/tTc
NC_000020.11:g.3912634G>A	S/N	aGc/aAc
NC_000003.12:g.93898524T>C	N/S	aAt/aGt
NC_000013.11:g.32394717C>A	D/E	gaC/gaA
NC_000001.11:g.52384560T>C	Q/R	cAa/cGa
NC_000006.12:g.34858835C>T	R/C	Cgc/Tgc
NC_000016.10:g.1200389A>G	M/V	Atg/Gtg
NC_000004.12:g.1807260T>C	V/A	gTg/gCg
NC_000016.10:g.20349117T>G	T/P	Acc/Ccc
NC_000002.12:g.176094671C>A	Q/K	Cag/Aag
NC_000007.14:g.117590355C>A	A/E	gCa/gAa
NC_000006.12:g.49459089G>T	N/K	aaC/aaA
NC_000001.11:g.1242601C>T	V/I	Gtc/Atc
NC_000019.10:g.41986202C>T	V/M	Gtg/Atg
NC_000019.10:g.16997242C>T	V/M	Gtg/Atg
NC_000023.11:g.154462248G>A	A/T	Gcc/Acc
NC_000014.9:g.64129819A>G	E/G	gAg/gGg
NC_000013.11:g.72783620A>G	I/V	Att/Gtt
NC_000023.11:g.150671512G>A	A/T	Gcc/Acc
NC_000012.12:g.6818860G>A	R/Q	cGg/cAg
NC_000010.11:g.104132169G>C	L/V	Ctg/Gtg
NC_000001.11:g.171636349C>A	G/V	gGc/gTc
NC_000019.10:g.7615304G>A	R/Q	cGg/cAg
NC_000004.12:g.47406706C>T	T/I	aCa/aTa
NC_000006.12:g.44300612C>T	G/R	Gga/Aga
NC_000003.12:g.10142040T>C	S/P	Tcg/Ccg
NC_000015.10:g.48467997C>T	C/Y	tGc/tAc
NC_000011.10:g.1248605G>A	V/I	Gtc/Atc
NC_000010.11:g.26567352C>T	A/V	gCg/gTg
NC_000015.10:g.65026876G>A	S/L	tCg/tTg
NC_000016.10:g.16202044T>G	Q/P	cAg/cCg
NC_000002.12:g.166048889G>A	A/V	gCa/gTa
NC_000019.10:g.38455328G>A	E/K	Gag/Aag
NC_000010.11:g.26157383G>A	S/N	aGt/aAt
NC_000016.10:g.16154982C>T	G/E	gGg/gAg
NC_000023.11:g.108694874T>C	C/R	Tgt/Cgt
NC_000009.12:g.83944985T>C	K/R	aAa/aGa
NC_000015.10:g.55230423A>C	W/G	Tgg/Ggg
NC_000017.11:g.78124711T>C	K/R	aAg/aGg
NC_000016.10:g.11553546G>C	L/V	Ctg/Gtg
NC_000017.11:g.3655247G>A	R/H	cGc/cAc
NC_000007.14:g.87509444T>G	Q/P	cAg/cCg
NC_000023.11:g.155022464T>A	E/V	gAa/gTa
NC_000008.11:g.10609650G>A	A/V	gCc/gTc
NC_000012.12:g.7202673T>C	M/T	aTg/aCg
NC_000012.12:g.40323255A>G	M/V	Atg/Gtg
NC_000010.11:g.13109270G>A	E/K	Gag/Aag
NC_000014.9:g.91988289C>T	R/K	aGa/aAa
NC_000005.10:g.176881983G>C	A/G	gCa/gGa
NC_000016.10:g.20341296C>A	V/L	Gtg/Ttg
NC_000002.12:g.166047725G>A	P/S	Ccc/Tcc
NC_000017.11:g.44383630C>T	R/H	cGt/cAt
NC_000017.11:g.35557548A>G	V/A	gTt/gCt
NC_000004.12:g.38798661T>C	I/M	atA/atG
NC_000005.10:g.13717326C>T	D/N	Gat/Aat
NC_000005.10:g.80654962A>G	I/V	Ata/Gta
NC_000002.12:g.201761519C>T	E/K	Gag/Aag
NC_000011.10:g.5226635A>G	F/S	tTt/tCt
NC_000023.11:g.38317418C>G	G/R	Ggt/Cgt
NC_000016.10:g.67940400A>T	M/K	aTg/aAg
NC_000021.9:g.44901728C>T	G/R	Ggg/Agg
NC_000011.10:g.44265005G>A	T/M	aCg/aTg
NC_000016.10:g.86567696C>T	R/C	Cgc/Tgc
NC_000015.10:g.48446748A>G	C/R	Tgc/Cgc
NC_000003.12:g.111567528G>C	A/P	Gca/Cca
NC_000003.12:g.8745647T>G	L/R	cTg/cGg
NC_000008.11:g.22417825T>G	L/R	cTg/cGg
NC_000019.10:g.48297076G>A	S/L	tCg/tTg
NC_000012.12:g.52651803C>T	G/S	Ggt/Agt
NC_000007.14:g.93105841G>A	S/F	tCt/tTt
NC_000016.10:g.31484914C>A	F/L	ttC/ttA
NC_000020.11:g.46013767G>C	R/P	cGg/cCg
NC_000005.10:g.90802875A>G	N/S	aAt/aGt
NC_000012.12:g.52811817C>T	R/H	cGc/cAc
NC_000014.9:g.24259087C>T	V/M	Gtg/Atg
NC_000005.10:g.83105046T>C	W/R	Tgg/Cgg
NC_000005.10:g.59193507A>C	F/C	tTt/tGt
NC_000015.10:g.48467994C>T	C/Y	tGt/tAt
NC_000001.11:g.201363348C>A	R/L	cGg/cTg
NC_000019.10:g.8979289G>A	T/I	aCc/aTc
NC_000002.12:g.19931318T>C	E/G	gAa/gGa
NC_000003.12:g.129062205G>A	A/T	Gcc/Acc
NC_000023.11:g.154380980C>A	P/H	cCt/cAt
NC_000016.10:g.30964260A>G	Q/R	cAa/cGa
NC_000015.10:g.71851302A>T	S/T	Tcc/Acc
NC_000006.12:g.160048478C>G	L/V	Ctg/Gtg
NC_000023.11:g.41343288G>A	V/M	Gtg/Atg
NC_000006.12:g.81752068C>T	G/D	gGc/gAc
NC_000019.10:g.15180758C>A	C/F	tGc/tTc
NC_000017.11:g.50196509C>T	G/D	gGt/gAt
NC_000023.11:g.154904518C>T	D/N	Gat/Aat
NC_000023.11:g.154773244C>T	P/S	Cca/Tca
NC_000023.11:g.154400814G>A	S/N	aGt/aAt
NC_000015.10:g.72355591A>C	L/R	cTc/cGc
NC_000004.12:g.3485595G>A	D/N	Gac/Aac
NC_000001.11:g.42929918G>A	R/C	Cgc/Tgc
NC_000009.12:g.121326518G>T	V/L	Gtg/Ttg
NC_000003.12:g.52408056T>C	T/A	Act/Gct
NC_000005.10:g.7897078C>T	H/Y	Cat/Tat
NC_000009.12:g.98199487C>T	R/Q	cGg/cAg
NC_000023.11:g.38401428G>C	Q/H	caG/caC
NC_000009.12:g.34648353T>C	L/P	cTg/cCg
NC_000014.9:g.75002993G>T	M/I	atG/atT
NC_000023.11:g.153905901C>A	A/D	gCc/gAc
NC_000019.10:g.44909236A>C	S/R	Agc/Cgc
NC_000017.11:g.78125237G>A	L/F	Ctc/Ttc
NC_000017.11:g.7847585T>C	S/P	Tct/Cct
NC_000023.11:g.37803886C>T	H/Y	Cac/Tac
NC_000006.12:g.158128206C>T	R/Q	cGa/cAa
NC_000023.11:g.68838820C>T	T/I	aCc/aTc
NC_000004.12:g.148259978C>T	G/S	Ggt/Agt
NC_000018.10:g.57554937C>T	D/N	Gac/Aac
NC_000001.11:g.25617963C>G	P/A	Ccc/Gcc
NC_000019.10:g.622304G>A	P/S	Ccc/Tcc
NC_000007.14:g.259870C>T	R/W	Cgg/Tgg
NC_000004.12:g.119519123A>G	L/P	cTg/cCg
NC_000019.10:g.15550690G>C	R/P	cGc/cCc
NC_000002.12:g.218809754G>A	G/R	Ggg/Agg
NC_000009.12:g.35740049G>T	A/E	gCa/gAa
NC_000006.12:g.24520416G>A	A/T	Gca/Aca
NC_000009.12:g.114168448C>T	T/I	aCc/aTc
NC_000005.10:g.141956699G>T	H/N	Cac/Aac
NC_000002.12:g.201209484A>G	Y/C	tAt/tGt
NC_000017.11:g.28981485C>T	A/T	Gca/Aca
NC_000019.10:g.17200417G>A	G/S	Ggc/Agc
NC_000023.11:g.49228048C>T	G/D	gGc/gAc
NC_000016.10:g.30979891G>A	G/R	Ggg/Agg
NC_000002.12:g.206305316G>A	R/H	cGc/cAc
NC_000016.10:g.173550G>A	D/N	Gac/Aac
NC_000001.11:g.110198158C>G	P/R	cCt/cGt
NC_000008.11:g.17953081G>A	E/K	Gaa/Aaa
NC_000011.10:g.17594057C>T	A/V	gCg/gTg
NC_000013.11:g.48456265G>A	A/T	Gca/Aca
NC_000018.10:g.31595244G>C	E/Q	Gag/Cag
NC_000003.12:g.74301523G>A	T/M	aCg/aTg
NC_000012.12:g.115975314C>T	R/K	aGg/aAg
NC_000005.10:g.38924432C>A	D/E	gaC/gaA
NC_000004.12:g.70688745C>T	T/M	aCg/aTg
NC_000002.12:g.190995193T>G	Q/P	cAg/cCg
NC_000023.11:g.108620426G>C	G/R	Ggt/Cgt
NC_000019.10:g.40705171G>T	F/L	ttC/ttA
NC_000002.12:g.72133081C>A	R/L	cGc/cTc
NC_000015.10:g.88838815T>C	W/R	Tgg/Cgg
NC_000008.11:g.144095991G>T	W/C	tgG/tgT
NC_000003.12:g.30672252G>T	G/W	Ggg/Tgg
NC_000015.10:g.65077557C>A	R/S	Cgc/Agc
NC_000023.11:g.154464420G>A	R/Q	cGg/cAg
NC_000023.11:g.71111538A>G	M/T	aTg/aCg
NC_000019.10:g.49596482C>G	A/G	gCg/gGg
NC_000017.11:g.18146101T>G	L/R	cTt/cGt
NC_000005.10:g.41803148C>T	G/E	gGa/gAa
NC_000003.12:g.10064848C>T	P/L	cCg/cTg
NC_000017.11:g.3197847C>A	A/E	gCa/gAa
NC_000005.10:g.143300556A>T	I/N	aTc/aAc
NC_000013.11:g.35196267A>C	Q/H	caA/caC
NC_000001.11:g.156163009T>G	F/C	tTt/tGt
NC_000016.10:g.1587996C>T	R/Q	cGg/cAg
NC_000021.9:g.44525765G>C	H/Q	caC/caG
NC_000010.11:g.73773680A>G	D/G	gAt/gGt
NC_000004.12:g.95148783G>T	R/L	cGa/cTa
NC_000003.12:g.63912809T>G	S/A	Tcg/Gcg
NC_000009.12:g.98807834G>A	G/R	Ggg/Agg
NC_000011.10:g.1254776G>A	R/H	cGt/cAt
NC_000012.12:g.2799114A>C	K/Q	Aag/Cag
NC_000019.10:g.6826619G>A	V/I	Gtc/Atc
NC_000004.12:g.54727425T>A	Y/N	Tat/Aat
NC_000007.14:g.33015741C>G	G/R	Gga/Cga
NC_000014.9:g.70010946G>A	R/H	cGc/cAc
NC_000011.10:g.68775362G>A	P/L	cCg/cTg
NC_000011.10:g.117993348A>G	S/G	Agc/Ggc
NC_000002.12:g.219421359A>C	Q/P	cAg/cCg
NC_000019.10:g.50798430C>T	V/I	Gtc/Atc
NC_000023.11:g.50086357G>C	L/F	ttG/ttC
NC_000020.11:g.45952515C>T	A/T	Gca/Aca
NC_000016.10:g.16185001G>A	A/V	gCc/gTc
NC_000023.11:g.38367392C>T	S/L	tCa/tTa
NC_000015.10:g.63121944C>T	R/C	Cgc/Tgc
NC_000008.11:g.42430193G>A	T/M	aCg/aTg
NC_000010.11:g.44984913G>C	E/D	gaG/gaC
NC_000016.10:g.17141299G>A	R/W	Cgg/Tgg
NC_000019.10:g.54997357C>G	L/V	Ctc/Gtc
NC_000012.12:g.112450407A>C	E/A	gAg/gCg
NC_000002.12:g.240775889C>G	R/P	cGa/cCa
NC_000002.12:g.218814408C>T	R/W	Cgg/Tgg
NC_000002.12:g.188988636G>T	G/V	gGt/gTt
NC_000003.12:g.113330342A>T	D/E	gaT/gaA
NC_000006.12:g.75089136A>G	S/P	Tca/Cca
NC_000017.11:g.50189867C>A	G/C	Ggt/Tgt
NC_000018.10:g.27985701T>G	N/T	aAt/aCt
NC_000020.11:g.33289964C>T	P/S	Ccc/Tcc
NC_000001.11:g.225921590G>A	R/W	Cgg/Tgg
NC_000018.10:g.45954858T>C	K/E	Aaa/Gaa
NC_000007.14:g.1438333T>G	N/H	Aat/Cat
NC_000015.10:g.41834758C>G	A/G	gCt/gGt
NC_000002.12:g.237334707C>T	A/T	Gct/Act
NC_000008.11:g.76983440A>G	C/R	Tgt/Cgt
NC_000015.10:g.39713530T>A	I/L	Ata/Tta
NC_000001.11:g.10463569A>G	C/R	Tgt/Cgt
NC_000002.12:g.219060170C>T	D/N	Gac/Aac
NC_000002.12:g.151617397C>G	M/I	atG/atC
NC_000021.9:g.14965938A>G	M/T	aTg/aCg
NC_000002.12:g.15167232C>T	R/H	cGt/cAt
NC_000013.11:g.113118454C>T	R/W	Cgg/Tgg
NC_000009.12:g.120974867C>T	S/N	aGt/aAt
NC_000023.11:g.139560748T>C	L/S	tTg/tCg
NC_000006.12:g.144522072A>C	K/N	aaA/aaC
NC_000023.11:g.48479059A>T	I/F	Atc/Ttc
NC_000001.11:g.152911310C>G	Q/E	Cag/Gag
NC_000001.11:g.152910335G>A	E/K	Gag/Aag
NC_000019.10:g.853022G>A	V/M	Gtg/Atg
NC_000017.11:g.56594774G>A	C/Y	tGc/tAc
NC_000009.12:g.133442718T>C	C/R	Tgc/Cgc
NC_000016.10:g.16190315A>T	L/H	cTc/cAc
NC_000008.11:g.142875730G>T	A/D	gCc/gAc
NC_000001.11:g.209732479G>T	K/N	aaG/aaT
NC_000011.10:g.6632336G>T	A/E	gCa/gAa
NC_000002.12:g.135126596A>G	I/V	Att/Gtt
NC_000017.11:g.76009079C>A	V/L	Gtg/Ttg
NC_000005.10:g.35694352A>G	E/G	gAa/gGa
NC_000007.14:g.21658973C>T	A/V	gCc/gTc
NC_000002.12:g.166002732C>A	R/M	aGg/aTg
NC_000006.12:g.41771904G>A	S/L	tCa/tTa
NC_000015.10:g.84817040A>G	H/R	cAc/cGc
NC_000002.12:g.218889990G>A	R/Q	cGa/cAa
NC_000017.11:g.3655288A>T	I/F	Atc/Ttc
NC_000009.12:g.108889340A>T	C/S	Tgt/Agt
NC_000001.11:g.197142801T>C	N/S	aAt/aGt
NC_000017.11:g.80113350C>T	R/W	Cgg/Tgg
NC_000001.11:g.8360419G>A	P/S	Ccc/Tcc
NC_000005.10:g.137639874C>A	R/I	aGa/aTa
NC_000007.14:g.93886846G>A	R/W	Cgg/Tgg
NC_000005.10:g.55220382C>T	R/H	cGc/cAc
NC_000003.12:g.37050524G>A	G/E	gGa/gAa
NC_000009.12:g.17340841T>A	D/E	gaT/gaA
NC_000007.14:g.5529168A>G	M/T	aTg/aCg
NC_000011.10:g.66020601C>T	V/I	Gta/Ata
NC_000017.11:g.43063882C>T	S/N	aGc/aAc
NC_000023.11:g.47206011A>G	S/G	Agc/Ggc
NC_000009.12:g.21239448G>A	A/V	gCc/gTc
NC_000012.12:g.102852926G>A	P/L	cCt/cTt
NC_000023.11:g.72684499G>A	A/V	gCt/gTt
NC_000011.10:g.6616363C>T	E/K	Gag/Aag
NC_000014.9:g.23415669A>G	L/P	cTg/cCg
NC_000003.12:g.108162535T>C	N/S	aAc/aGc
NC_000002.12:g.166046948A>T	M/K	aTg/aAg
NC_000019.10:g.48591631C>T	P/L	cCc/cTc
NC_000023.11:g.132082382C>G	G/R	Ggt/Cgt
NC_000018.10:g.31354718A>T	Y/F	tAc/tTc
NC_000001.11:g.204432264G>C	S/C	tCt/tGt
NC_000019.10:g.855988G>A	G/R	Ggg/Agg
NC_000003.12:g.129440351G>C	W/C	tgG/tgC
NC_000003.12:g.129528786G>A	G/D	gGt/gAt
NC_000001.11:g.247424492C>T	T/M	aCg/aTg
NC_000001.11:g.9245334C>T	R/W	Cgg/Tgg
NC_000012.12:g.52646920C>T	R/H	cGt/cAt
NC_000010.11:g.133370685C>T	R/H	cGc/cAc
NC_000002.12:g.188997736G>C	G/R	Ggt/Cgt
NC_000005.10:g.13900212G>T	N/K	aaC/aaA
NC_000019.10:g.15122724G>A	P/S	Ccc/Tcc
NC_000023.11:g.49689423T>C	E/G	gAg/gGg
NC_000023.11:g.130412739G>A	R/H	cGt/cAt
NC_000006.12:g.42704546G>A	P/L	cCt/cTt
NC_000017.11:g.18119542C>G	R/G	Cgg/Ggg
NC_000002.12:g.15945847G>A	R/H	cGt/cAt
NC_000017.11:g.37739506T>C	M/V	Atg/Gtg
NC_000002.12:g.112028394C>T	R/C	Cgc/Tgc
NC_000011.10:g.5226617A>G	L/P	cTg/cCg
NC_000019.10:g.44907894A>G	T/A	Aca/Gca
NC_000009.12:g.136433073C>A	V/L	Gtg/Ttg
NC_000015.10:g.76292436C>T	G/R	Gga/Aga
NC_000011.10:g.20654773G>A	G/R	Ggg/Agg
NC_000014.9:g.76439369A>G	R/G	Agg/Ggg
NC_000003.12:g.185193395T>C	T/A	Act/Gct
NC_000001.11:g.155055974C>A	L/M	Ctg/Atg
NC_000013.11:g.51937561G>A	P/L	cCg/cTg
NC_000011.10:g.299400G>T	P/T	Ccc/Acc
NC_000023.11:g.108696354T>G	C/W	tgT/tgG
NC_000022.11:g.29489423C>T	P/S	Ccg/Tcg
NC_000010.11:g.43113629C>G	C/W	tgC/tgG
NC_000002.12:g.206146919G>A	R/W	Cgg/Tgg
NC_000002.12:g.240878718T>C	L/P	cTg/cCg
NC_000001.11:g.169552693A>G	I/T	aTt/aCt
NC_000002.12:g.202467609A>G	Y/C	tAc/tGc
NC_000012.12:g.52488365C>G	A/P	Gcc/Ccc
NC_000018.10:g.2688722A>G	Y/C	tAt/tGt
NC_000020.11:g.58669351G>A	E/K	Gag/Aag
NC_000023.11:g.3029271G>A	M/I	atG/atA
NC_000022.11:g.50627368C>T	G/D	gGc/gAc
NC_000002.12:g.166002473A>G	V/A	gTt/gCt
NC_000003.12:g.4811344T>C	L/P	cTg/cCg
NC_000016.10:g.16150197G>A	P/L	cCg/cTg
NC_000004.12:g.78522696G>A	V/I	Gta/Ata
NC_000009.12:g.133256085A>T	F/I	Ttc/Atc
NC_000009.12:g.95447411G>A	P/L	cCg/cTg
NC_000002.12:g.231206248A>G	I/V	Att/Gtt
NC_000017.11:g.39666015C>T	T/I	aCa/aTa
NC_000016.10:g.89933512G>A	G/R	Gga/Aga
NC_000012.12:g.66331521T>C	F/S	tTt/tCt
NC_000011.10:g.86952443T>C	M/V	Atg/Gtg
NC_000006.12:g.89932572C>T	E/K	Gag/Aag
NC_000002.12:g.168924730C>T	R/Q	cGg/cAg
NC_000018.10:g.49792313A>T	Y/N	Tac/Aac
NC_000010.11:g.103900158C>T	E/K	Gag/Aag
NC_000004.12:g.38797207A>G	V/A	gTa/gCa
NC_000005.10:g.79729792C>T	P/S	Ccc/Tcc
NC_000001.11:g.150559429C>A	A/D	gCc/gAc
NC_000005.10:g.150056097A>G	F/S	tTt/tCt
NC_000015.10:g.63345479C>T	E/K	Gag/Aag
NC_000016.10:g.89282673T>C	H/R	cAt/cGt
NC_000012.12:g.51920841A>C	K/T	aAg/aCg
NC_000018.10:g.60371593C>T	V/I	Gtc/Atc
NC_000006.12:g.143462955A>G	Q/R	cAg/cGg
NC_000012.12:g.8867893A>G	M/V	Atg/Gtg
NC_000019.10:g.52034081C>T	R/Q	cGa/cAa
NC_000016.10:g.53652604C>G	A/P	Gca/Cca
NC_000010.11:g.70599055G>T	H/Q	caC/caA
NC_000008.11:g.144360408G>A	G/R	Ggg/Agg
NC_000021.9:g.46388764C>T	R/C	Cgc/Tgc
NC_000018.10:g.31390712T>C	S/P	Tct/Cct
NC_000021.9:g.43065653C>T	C/Y	tGc/tAc
NC_000001.11:g.63411329G>T	R/M	aGg/aTg
NC_000011.10:g.103184992C>T	L/F	Ctc/Ttc
NC_000003.12:g.50365164A>G	L/P	cTg/cCg
NC_000022.11:g.45600418A>G	H/R	cAc/cGc
NC_000011.10:g.124959828G>C	G/A	gGc/gCc
NC_000017.11:g.4558296G>A	P/S	Ccc/Tcc
NC_000016.10:g.27740549C>T	T/I	aCc/aTc
NC_000011.10:g.103135514T>G	M/R	aTg/aGg
NC_000019.10:g.54241620C>T	R/Q	cGg/cAg
NC_000017.11:g.38334016G>A	H/Y	Cac/Tac
NC_000023.11:g.108667165G>A	G/R	Gga/Aga
NC_000019.10:g.15189004A>G	C/R	Tgt/Cgt
NC_000011.10:g.68759648C>T	G/D	gGc/gAc
NC_000007.14:g.107663357C>T	P/S	Ccc/Tcc
NC_000017.11:g.50196661C>A	G/C	Ggt/Tgt
NC_000019.10:g.50286683G>A	V/I	Gtc/Atc
NC_000014.9:g.74486404C>T	V/M	Gtg/Atg
NC_000023.11:g.108665561G>A	G/D	gGc/gAc
NC_000010.11:g.87053403C>T	G/D	gGt/gAt
NC_000011.10:g.118502577T>A	S/T	Tca/Aca
NC_000015.10:g.32158511A>G	Y/C	tAt/tGt
NC_000009.12:g.78304842A>C	D/A	gAc/gCc
NC_000017.11:g.50185605G>A	T/I	aCc/aTc
NC_000018.10:g.10671571A>G	S/P	Tca/Cca
NC_000006.12:g.117387941T>C	D/G	gAc/gGc
NC_000011.10:g.1226857G>A	V/I	Gtc/Atc
NC_000007.14:g.93102221G>A	R/W	Cgg/Tgg
NC_000002.12:g.39022772C>G	R/S	agG/agC
NC_000001.11:g.63648630T>C	Y/H	Tat/Cat
NC_000009.12:g.128945982T>G	Y/S	tAt/tCt
NC_000019.10:g.15189278G>C	S/C	tCt/tGt
NC_000021.9:g.44379135G>A	V/M	Gtg/Atg
NC_000011.10:g.86951751C>G	W/C	tgG/tgC
NC_000017.11:g.42852559T>A	Y/N	Tac/Aac
NC_000007.14:g.107690203C>T	T/M	aCg/aTg
NC_000010.11:g.63214485G>C	S/C	tCt/tGt
NC_000011.10:g.108289005C>T	H/Y	Cat/Tat
NC_000012.12:g.106067337C>T	R/H	cGc/cAc
NC_000023.11:g.38411938T>A	V/D	gTc/gAc
NC_000007.14:g.76303816C>T	R/W	Cgg/Tgg
NC_000007.14:g.150951795A>C	V/G	gTg/gGg
NC_000011.10:g.615170C>T	R/H	cGc/cAc
NC_000011.10:g.48163603T>C	I/T	aTt/aCt
NC_000023.11:g.154032548C>G	K/N	aaG/aaC
NC_000006.12:g.160069961G>T	G/V	gGc/gTc
NC_000014.9:g.63981058T>C	I/T	aTa/aCa
NC_000007.14:g.150951583C>T	G/S	Ggc/Agc
NC_000003.12:g.33014263C>A	W/C	tgG/tgT
NC_000016.10:g.90032905T>A	V/E	gTg/gAg
NC_000010.11:g.16919996A>C	F/C	tTt/tGt
NC_000011.10:g.116836019A>G	L/S	tTg/tCg
NC_000018.10:g.27985664G>C	C/W	tgC/tgG
NC_000001.11:g.235810244A>C	L/V	Tta/Gta
NC_000022.11:g.33006595G>A	T/M	aCg/aTg
NC_000011.10:g.31794032C>G	Q/H	caG/caC
NC_000004.12:g.185145867G>C	R/P	cGt/cCt
NC_000017.11:g.3656727G>A	D/N	Gac/Aac
NC_000003.12:g.124743977A>G	I/V	Atc/Gtc
NC_000021.9:g.43690313T>C	L/P	cTg/cCg
NC_000019.10:g.8308280C>T	G/D	gGt/gAt
NC_000007.14:g.76302828C>T	P/L	cCg/cTg
NC_000023.11:g.1290449G>A	G/R	Gga/Aga
NC_000016.10:g.74628505A>T	I/K	aTa/aAa
NC_000023.11:g.154902062A>G	V/A	gTg/gCg
NC_000012.12:g.51920831C>T	R/W	Cgg/Tgg
NC_000002.12:g.202377502C>T	R/W	Cgg/Tgg
NC_000016.10:g.297929G>A	A/V	gCg/gTg
NC_000019.10:g.15537579C>T	R/C	Cgt/Tgt
NC_000008.11:g.143921861A>G	S/P	Tca/Cca
NC_000003.12:g.45968585C>T	R/Q	cGg/cAg
NC_000001.11:g.117060509G>A	S/N	aGc/aAc
NC_000001.11:g.186894188G>A	E/K	Gaa/Aaa
NC_000023.11:g.103788485T>C	L/P	cTt/cCt
NC_000007.14:g.132241157C>T	V/I	Gtc/Atc
NC_000008.11:g.10611633C>T	R/Q	cGa/cAa
NC_000003.12:g.146160980A>T	C/S	Tgc/Agc
NC_000009.12:g.14775919T>A	N/I	aAt/aTt
NC_000002.12:g.47410215T>A	V/D	gTt/gAt
NC_000012.12:g.132754714C>A	G/W	Ggg/Tgg
NC_000011.10:g.134145989G>A	C/Y	tGc/tAc
NC_000007.14:g.143346147C>T	P/L	cCt/cTt
NC_000011.10:g.47351356T>C	T/A	Aca/Gca
NC_000013.11:g.32339810C>T	P/S	Ccc/Tcc
NC_000010.11:g.133626712G>A	H/Y	Cac/Tac
NC_000005.10:g.72196239G>A	V/I	Gta/Ata
NC_000003.12:g.133775510C>T	P/S	Cct/Tct
NC_000003.12:g.38063875C>G	P/A	Cca/Gca
NC_000010.11:g.66379229G>A	T/M	aCg/aTg
NC_000009.12:g.69064942G>T	G/V	gGt/gTt
NC_000013.11:g.110503472G>A	G/R	Gga/Aga
NC_000003.12:g.52375405A>G	N/S	aAc/aGc
NC_000014.9:g.20474555G>A	E/K	Gaa/Aaa
NC_000010.11:g.87053398A>G	S/P	Tct/Cct
NC_000003.12:g.38894936A>G	L/P	cTc/cCc
NC_000015.10:g.41736622A>G	Y/C	tAt/tGt
NC_000011.10:g.93699288T>G	L/R	cTt/cGt
NC_000002.12:g.176117205T>G	I/M	atT/atG
NC_000010.11:g.87933145G>A	G/E	gGa/gAa
NC_000023.11:g.154367857C>A	D/Y	Gac/Tac
NC_000011.10:g.124922771T>C	Q/R	cAg/cGg
NC_000021.9:g.25891853C>T	D/N	Gat/Aat
NC_000019.10:g.13230185T>G	I/L	Atc/Ctc
NC_000009.12:g.35792936T>A	D/E	gaT/gaA
NC_000002.12:g.188993452G>A	G/D	gGt/gAt
NC_000008.11:g.125436432G>T	E/D	gaG/gaT
NC_000006.12:g.47554677A>G	N/S	aAt/aGt
NC_000010.11:g.80275073G>A	R/C	Cgc/Tgc
NC_000012.12:g.64495483C>A	L/I	Ctt/Att
NC_000017.11:g.3554778T>C	I/V	Atc/Gtc
NC_000012.12:g.102844404G>A	L/F	Ctc/Ttc
NC_000014.9:g.75047180T>C	N/D	Aac/Gac
NC_000003.12:g.43080921C>T	D/N	Gac/Aac
NC_000018.10:g.62146023A>G	S/P	Tcc/Ccc
NC_000007.14:g.107690148A>T	N/Y	Aac/Tac
NC_000012.12:g.32896523C>A	S/I	aGc/aTc
NC_000010.11:g.49646651C>T	R/C	Cgc/Tgc
NC_000012.12:g.6566156G>A	T/M	aCg/aTg
NC_000007.14:g.99388183C>T	A/V	gCc/gTc
NC_000016.10:g.9829485G>C	L/V	Ctg/Gtg
NC_000008.11:g.142913391T>C	I/V	Atc/Gtc
